created_time,id,message
2019-03-07T16:54:34+0000,834100560293045_787574564945645,
2019-02-05T13:50:03+0000,834100560293045_770928409943594,
2019-02-05T12:42:21+0000,834100560293045_770897193280049,
2019-02-02T15:32:13+0000,834100560293045_769106250125810,Best thing on FB.
2019-01-20T21:11:12+0000,834100560293045_761787764190992,
2019-01-20T21:03:21+0000,834100560293045_761785280857907,
2019-01-14T21:14:19+0000,834100560293045_758305771205858,
2019-01-09T09:13:27+0000,834100560293045_754947854874983,
2019-01-07T10:08:57+0000,834100560293045_753808108322291,
2019-01-05T10:30:42+0000,834100560293045_752659828437119,
2019-01-03T08:09:35+0000,834100560293045_751455741890861,
2019-01-03T08:06:37+0000,834100560293045_751454708557631,
2018-12-30T20:46:49+0000,834100560293045_749287268774375,
2018-12-08T08:11:25+0000,834100560293045_735584583477977,
2018-12-01T09:19:58+0000,834100560293045_731279430575159,
2018-11-30T14:25:08+0000,834100560293045_730854133951022,
2018-09-10T01:27:58+0000,834100560293045_688774871492282,
2018-08-08T17:20:21+0000,834100560293045_663921263977643,
2018-08-03T07:43:17+0000,834100560293045_658226494547120,
2018-07-25T09:55:41+0000,834100560293045_649246262111810,
2018-07-22T23:21:17+0000,834100560293045_646754389027664,Sad reacts only
2018-07-22T23:05:52+0000,834100560293045_646745415695228,
2018-07-22T23:00:32+0000,834100560293045_646742112362225,
2018-07-20T12:27:35+0000,834100560293045_644229935946776,
2018-07-05T20:44:16+0000,834100560293045_630709690632134,
2018-07-05T12:34:34+0000,834100560293045_630356457334124,
2018-07-02T20:01:13+0000,834100560293045_627849027584867,
2018-06-27T17:26:05+0000,834100560293045_623133441389759,
2018-06-26T19:37:53+0000,834100560293045_622308994805537,Advertisement done right. üí¶
2018-06-24T15:16:41+0000,834100560293045_620258465010590,
2018-06-23T12:52:47+0000,834100560293045_619148105121626,
2018-06-10T17:59:33+0000,834100560293045_609068382796265,
2018-06-10T16:57:52+0000,834100560293045_609046552798448,
2018-06-01T14:24:51+0000,834100560293045_604714723231631,
2018-05-29T10:17:35+0000,834100560293045_603283613374742,
2018-05-20T03:03:49+0000,834100560293045_599318930437877,
2018-05-13T23:51:51+0000,834100560293045_596881290681641,
2018-05-13T23:42:40+0000,834100560293045_596879294015174,
2018-05-10T18:44:56+0000,834100560293045_595441287492308,Gold
2018-05-08T14:37:16+0000,834100560293045_594509734252130,
2018-04-19T19:28:29+0000,834100560293045_586232891746481,
2018-04-19T19:17:20+0000,834100560293045_586229585080145,
2018-04-18T22:02:50+0000,834100560293045_585832261786544,
2018-04-18T21:59:08+0000,834100560293045_585831568453280,
2018-04-17T18:14:57+0000,834100560293045_585304185172685,
2018-04-10T13:06:46+0000,834100560293045_582142908822146,
2018-04-09T11:34:12+0000,834100560293045_581658278870609,
2018-04-08T07:39:32+0000,834100560293045_581137042256066,
2018-04-08T07:27:40+0000,834100560293045_581134075589696,
2018-04-07T21:46:55+0000,834100560293045_580967835606320,
2018-04-06T11:49:39+0000,834100560293045_580265789009858,
2018-04-03T08:27:28+0000,834100560293045_578809275822176,sorry
2018-04-01T23:53:21+0000,834100560293045_578254992544271,
2018-04-01T13:20:58+0000,834100560293045_578067092563061,
2018-03-31T19:26:59+0000,834100560293045_577710462598724,
2018-03-25T18:51:22+0000,834100560293045_575068212862949,
2018-03-24T11:22:32+0000,834100560293045_574432126259891,
2018-03-21T07:10:16+0000,834100560293045_572926853077085,"Ayush Mishra
Aditya Munshi"
2018-03-18T06:11:37+0000,834100560293045_571590336544070,
2018-03-16T10:20:18+0000,834100560293045_570763556626748,
2018-03-15T06:08:27+0000,834100560293045_570237130012724,
2018-03-13T12:43:39+0000,834100560293045_569502783419492,
2018-03-12T16:17:49+0000,834100560293045_569111676791936,
2018-03-12T16:14:24+0000,834100560293045_569110846792019,
2018-03-09T15:26:36+0000,834100560293045_567740300262407,
2018-03-05T12:11:44+0000,834100560293045_565819500454487,
2018-03-03T18:33:29+0000,834100560293045_565057023864068,
2018-03-01T11:22:29+0000,834100560293045_563989917304112,
2018-02-21T04:46:42+0000,834100560293045_560188527684251,
2018-02-18T16:07:26+0000,834100560293045_559073504462420,the better man
2018-02-15T16:04:05+0000,834100560293045_557618921274545,
2018-02-14T03:42:27+0000,834100560293045_556915821344855,
2018-02-13T09:56:32+0000,834100560293045_556568374712933,
2018-02-13T09:37:23+0000,834100560293045_556564774713293,
2018-02-13T09:28:54+0000,834100560293045_556561844713586,
2018-02-12T07:24:25+0000,834100560293045_556117928091311,
2018-02-10T08:20:09+0000,834100560293045_555287964840974,
2018-02-07T17:46:41+0000,834100560293045_554200814949689,
2018-02-06T16:54:39+0000,834100560293045_553787194991051,
2018-01-29T08:49:36+0000,834100560293045_550057032030734,
2018-01-15T16:20:52+0000,834100560293045_544004449302659,Tor baba beautiful Soumya
2017-12-29T05:34:43+0000,834100560293045_536609323375505,Panshula Ghosh
2017-12-25T13:38:08+0000,834100560293045_534947766874994,
2017-12-24T18:42:42+0000,834100560293045_534621123574325,
2017-12-20T16:19:11+0000,834100560293045_532842840418820,
2017-12-18T17:36:21+0000,834100560293045_532002587169512,
2017-12-10T21:18:50+0000,834100560293045_528326057537165,
2017-11-25T02:42:49+0000,834100560293045_521325078237263,
2017-11-20T06:45:42+0000,834100560293045_519342808435490,Dil ki baat. xD
2017-11-17T17:39:15+0000,834100560293045_518267145209723,
2017-11-16T01:19:18+0000,834100560293045_517558365280601,
2017-11-14T14:02:13+0000,834100560293045_516981065338331,
2017-11-13T17:22:09+0000,834100560293045_516622435374194,
2017-11-08T03:00:13+0000,834100560293045_514375228932248,
2017-11-08T02:50:07+0000,834100560293045_514372915599146,
2017-11-06T21:29:00+0000,834100560293045_513911325645305,
2017-11-05T12:42:10+0000,834100560293045_513351519034619,
2017-11-04T11:00:12+0000,834100560293045_512917805744657,
2017-11-04T10:59:35+0000,834100560293045_512917682411336,
2017-10-29T05:22:55+0000,834100560293045_510549419314829,
2017-10-21T16:51:26+0000,834100560293045_507841642918940,üòÇ
2017-10-18T07:53:40+0000,834100560293045_506581323044972,
2017-10-17T22:01:53+0000,834100560293045_506458329723938,
2017-10-17T21:55:23+0000,834100560293045_506454726390965,
2017-10-14T18:41:43+0000,834100560293045_505345326501905,
2017-10-12T02:04:01+0000,834100560293045_504350213268083,üòÇüòÇüòÇ
2017-10-04T15:45:09+0000,834100560293045_501653730204398,üòÇüòÇüòÇ
2017-10-03T18:15:20+0000,834100560293045_501333150236456,
2017-09-30T20:43:20+0000,834100560293045_500258447010593,Vimarsh Trehan Nikhil Dhoot Tumhare liye.
2017-09-21T00:44:48+0000,834100560293045_496714664031638,‚ù§Ô∏è
2017-09-15T06:12:52+0000,834100560293045_494618107574627,
2017-09-11T17:28:55+0000,834100560293045_493387914364313,To creating the next big thing. üçª
2017-09-11T07:27:26+0000,834100560293045_493230417713396,
2017-09-11T07:19:11+0000,834100560293045_493228307713607,
2017-09-08T21:44:01+0000,834100560293045_492361047800333,
2017-09-08T21:36:03+0000,834100560293045_492359324467172,
2017-09-07T18:12:19+0000,834100560293045_491897627846675,üòÇüòÇüòÇ
2017-09-06T09:49:32+0000,834100560293045_491406957895742,üòé
2017-09-04T07:31:04+0000,834100560293045_490647327971705,
2017-09-03T17:37:29+0000,834100560293045_490490887987349,
2017-09-02T09:19:26+0000,834100560293045_489944798041958,
2017-08-31T16:21:48+0000,834100560293045_489316144771490,
2017-08-31T16:20:49+0000,834100560293045_489315898104848,
2017-08-30T09:52:53+0000,834100560293045_488785018157936,
2017-08-29T14:13:11+0000,834100560293045_488471178189320,
2017-08-26T17:15:17+0000,834100560293045_487365958299842,Team! üî•
2017-08-26T11:43:53+0000,834100560293045_487258318310606,
2017-08-25T18:04:42+0000,834100560293045_487009081668863,
2017-08-22T18:15:54+0000,834100560293045_485954091774362,
2017-08-19T17:28:38+0000,834100560293045_484821018554336,"Looking to connect with illustrators and graphic designers. 

Please DM their profiles if you happen to know someone. Thanks in advance."
2017-08-17T18:33:16+0000,834100560293045_484150165288088,
2017-08-17T06:34:53+0000,834100560293045_483965465306558,
2017-08-16T11:55:45+0000,834100560293045_483675858668852,
2017-08-10T05:51:51+0000,834100560293045_481301612239610,
2017-08-08T16:47:05+0000,834100560293045_480758645627240,"Because it's the new sayat...

photons.Sarahah.com

Be nice. ;-;"
2017-08-02T13:58:30+0000,834100560293045_478226359213802,
2017-08-02T03:47:51+0000,834100560293045_478061322563639,
2017-07-31T17:22:27+0000,834100560293045_477545589281879,
2017-07-30T14:55:59+0000,834100560293045_477065385996566,
2017-07-30T11:08:16+0000,834100560293045_476986269337811,
2017-07-25T04:08:23+0000,834100560293045_474556159580822,
2017-07-19T08:04:27+0000,834100560293045_471739813195790,
2017-04-06T04:53:55+0000,834100560293045_420802251622880,
2016-10-03T17:32:09+0000,834100560293045_329366054099834,"Some credit she deserves- Joyeeta
And
Some credit he doesn't deserve- Dhoot"
2016-08-21T14:58:24+0000,834100560293045_307564112946695,Koto din baki?
2016-08-01T17:12:47+0000,834100560293045_296948590674914,
