,created_time,id,message
0,2019-02-02T15:32:13+0000,834100560293045_769106250125810,Best thing on FB.
1,2018-07-22T23:21:17+0000,834100560293045_646754389027664,Sad reacts only
2,2018-06-26T19:37:53+0000,834100560293045_622308994805537,Advertisement done right. ğŸ’¦
3,2018-05-10T18:44:56+0000,834100560293045_595441287492308,Gold
4,2018-04-03T08:27:28+0000,834100560293045_578809275822176,sorry
5,2018-03-21T07:10:16+0000,834100560293045_572926853077085,"Ayush Mishra
Aditya Munshi"
6,2018-02-18T16:07:26+0000,834100560293045_559073504462420,the better man
7,2018-01-15T16:20:52+0000,834100560293045_544004449302659,Tor baba beautiful Soumya
8,2017-12-29T05:34:43+0000,834100560293045_536609323375505,Panshula Ghosh
9,2017-11-20T06:45:42+0000,834100560293045_519342808435490,Dil ki baat. xD
10,2017-10-21T16:51:26+0000,834100560293045_507841642918940,ğŸ˜‚
11,2017-10-12T02:04:01+0000,834100560293045_504350213268083,ğŸ˜‚ğŸ˜‚ğŸ˜‚
12,2017-10-04T15:45:09+0000,834100560293045_501653730204398,ğŸ˜‚ğŸ˜‚ğŸ˜‚
13,2017-09-30T20:43:20+0000,834100560293045_500258447010593,Vimarsh Trehan Nikhil Dhoot Tumhare liye.
14,2017-09-21T00:44:48+0000,834100560293045_496714664031638,â¤ï¸
15,2017-09-11T17:28:55+0000,834100560293045_493387914364313,To creating the next big thing. ğŸ»
16,2017-09-07T18:12:19+0000,834100560293045_491897627846675,ğŸ˜‚ğŸ˜‚ğŸ˜‚
17,2017-09-06T09:49:32+0000,834100560293045_491406957895742,ğŸ˜
18,2017-08-26T17:15:17+0000,834100560293045_487365958299842,Team! ğŸ”¥
19,2017-08-19T17:28:38+0000,834100560293045_484821018554336,"Looking to connect with illustrators and graphic designers. 

Please DM their profiles if you happen to know someone. Thanks in advance."
